Title, URL 
 Personalized Kitty Cats Card, https://www.zazzle.com/personalized_kitty_cats_card-256418673641150525
 Sleepy Kitty Keychain, https://www.zazzle.com/sleepy_kitty_keychain-146030530452629099
 Sleeping Kitty All Occasions Greeting card, https://www.zazzle.com/sleeping_kitty_all_occasions_greeting_card-256725112603413223
 Cat Thoughts Calendar, https://www.zazzle.com/cat_thoughts_calendar-158271255435476795
 Hi there! postcard, https://www.zazzle.com/hi_there_postcard-239622397180381510
 Long Time, No Meow Card, https://www.zazzle.com/long_time_no_meow_card-137248552405746530
 Cat face fun Cute animal cloth face mask, https://www.zazzle.com/cat_face_fun_cute_animal_cloth_face_mask-256590277969190130
 Vintage Child and Kitty Sepia iPhone 7 Plus Case, https://www.zazzle.com/vintage_child_and_kitty_sepia_iphone_7_plus_case-179788325876467446
 Fun Modern Style Blue and Yellow Cartoon Cat Note Card, https://www.zazzle.com/fun_modern_style_blue_and_yellow_cartoon_cat_note_card-256726623611974239
 Moving House Cat Greetings Card, https://www.zazzle.com/moving_house_cat_greetings_card-137318540852577339
 Burnt Toast! T-Shirt, https://www.zazzle.com/burnt_toast_t_shirt-235509363352700333
 B & T #51 Hi! Sticker, https://www.zazzle.com/b_t_51_hi_sticker-217703402375416855
 sk8r boi magnet, https://www.zazzle.com/sk8r_boi_magnet-147948445034988895
 Nerd Cat Pinback Button, https://www.zazzle.com/nerd_cat_pinback_button-145318247897742093
 Cute Black Cat With Flowers Kitty Cat Folk Art Postcard, https://www.zazzle.com/cute_black_cat_with_flowers_kitty_cat_folk_art_postcard-239917834484971952
 Wink for pink Postcard, https://www.zazzle.com/wink_for_pink_postcard-239375856510829135
 Adorable Siamese Kitty Photograph Blank Inside, https://www.zazzle.com/adorable_siamese_kitty_photograph_blank_inside-137577057779551934
 Pencil Drawing Cat Face Cabinet Drawer Pulls Knobs, https://www.zazzle.com/pencil_drawing_cat_face_cabinet_drawer_pulls_knobs-256252730568370499
 Cute Drawing of Boy and Girl Kitten in Love Postcard, https://www.zazzle.com/cute_drawing_of_boy_and_girl_kitten_in_love_postcard-239370628864141054
 Flower Kitty Self-inking Stamp, https://www.zazzle.com/flower_kitty_self_inking_stamp-256870862141469049
 Rainbow Meows Card, https://www.zazzle.com/rainbow_meows_card-137555857592977516
 Bumper Cat is watching TAILGATE 30 Bumper Sticker, https://www.zazzle.com/bumper_cat_is_watching_tailgate_30_bumper_sticker-128534493905662744
 Siamese Cat Photo Personalized Note Card, https://www.zazzle.com/siamese_cat_photo_personalized_note_card-256284324094892444
 Maneki black T-Shirt, https://www.zazzle.com/maneki_black_t_shirt-235613033344914442
 Kitty Kittleton, https://www.zazzle.com/kitty_kittleton-137418154776363004
 Zombie Sushi - magnet, https://www.zazzle.com/zombie_sushi_magnet-147863449176334670
 Niños Adios Gato Postcard, https://www.zazzle.com/ninos_adios_gato_postcard-239164907425014525
 Kitten Cat in Flowers, https://www.zazzle.com/kitten_cat_in_flowers-137463404430927449
 Orange tabby cat card, https://www.zazzle.com/orange_tabby_cat_card-137733439141255205
 Golden Eyes Cat Cabinet Cupboard Drawer Pulls Knob, https://www.zazzle.com/golden_eyes_cat_cabinet_cupboard_drawer_pulls_knob-256163238551166015
 Green Eyes Ginger Cat Drawer Pulls Knobs, https://www.zazzle.com/green_eyes_ginger_cat_drawer_pulls_knobs-256764553809508881
 Funny Cat- Hang in there Card, https://www.zazzle.com/funny_cat_hang_in_there_card-256473098048967762
 Are you kidding me? postcard, https://www.zazzle.com/are_you_kidding_me_postcard-239960369821271420
 MEOW T-Shirt, https://www.zazzle.com/meow_t_shirt-235812885860515679
 Beautiful and Colorful Cat Greeting Card, https://www.zazzle.com/beautiful_and_colorful_cat_greeting_card-137956641954336725
 "Not Monday Again!" Humorous Calico Cat Card, https://www.zazzle.com/not_monday_again_humorous_calico_cat_card-137013884029123261
 "Shokio" Mayumi Giggles Classic Round Sticker, https://www.zazzle.com/shokio_mayumi_giggles_classic_round_sticker-217300078277794417
 Thinking of you notecard (blank), https://www.zazzle.com/thinking_of_you_notecard_blank-137711680366263650
